,pokedex_number,name,attack,defense,height_m,hp,percentage_male,sp_attack,sp_defense,speed,type,weight_kg,generation,is_legendary,total_stats
0,1,Bulbasaur,49,49,0.7,45,88.1,65,65,45,grass,6.9,1,0,318
1,2,Ivysaur,62,63,1.0,60,88.1,80,80,60,grass,13.0,1,0,405
2,3,Venusaur,100,123,2.0,80,88.1,122,120,80,grass,100.0,1,0,625
3,4,Charmander,52,43,0.6,39,88.1,60,50,65,fire,8.5,1,0,309
4,5,Charmeleon,64,58,1.1,58,88.1,80,65,80,fire,19.0,1,0,405
5,6,Charizard,104,78,1.7,78,88.1,159,115,100,fire,90.5,1,0,634
6,7,Squirtle,48,65,0.5,44,88.1,50,64,43,water,9.0,1,0,314
7,8,Wartortle,63,80,1.0,59,88.1,65,80,58,water,22.5,1,0,405
8,9,Blastoise,103,120,1.6,79,88.1,135,115,78,water,85.5,1,0,630
9,10,Caterpie,30,35,0.3,45,50.0,20,20,45,bug,2.9,1,0,195
10,11,Metapod,20,55,0.7,50,50.0,25,25,30,bug,9.9,1,0,205
11,12,Butterfree,45,50,1.1,60,50.0,90,80,70,bug,32.0,1,0,395
12,13,Weedle,35,30,0.3,40,50.0,20,20,50,bug,3.2,1,0,195
13,14,Kakuna,25,50,0.6,45,50.0,25,25,35,bug,10.0,1,0,205
14,15,Beedrill,150,40,1.0,65,50.0,15,80,145,bug,29.5,1,0,495
15,16,Pidgey,45,40,0.3,40,50.0,35,35,56,normal,1.8,1,0,251
16,17,Pidgeotto,60,55,1.1,63,50.0,50,50,71,normal,30.0,1,0,349
17,18,Pidgeot,80,80,1.5,83,50.0,135,80,121,normal,39.5,1,0,579
18,19,Rattata,56,35,1.1638924455825865,30,50.0,25,35,72,normal,61.378104993597944,1,0,253
19,20,Raticate,71,70,1.1638924455825865,75,50.0,40,80,77,normal,61.378104993597944,1,0,413
20,21,Spearow,60,30,0.3,40,50.0,31,31,70,normal,2.0,1,0,262
21,22,Fearow,90,65,1.2,65,50.0,61,61,100,normal,38.0,1,0,442
22,23,Ekans,60,44,2.0,35,50.0,40,54,55,poison,6.9,1,0,288
23,24,Arbok,95,69,3.5,60,50.0,65,79,80,poison,65.0,1,0,448
24,25,Pikachu,55,40,0.4,35,50.0,50,50,90,electric,6.0,1,0,320
25,26,Raichu,85,50,1.1638924455825865,60,50.0,95,85,110,electric,61.378104993597944,1,0,485
26,27,Sandshrew,75,90,1.1638924455825865,50,50.0,10,35,40,ground,61.378104993597944,1,0,300
27,28,Sandslash,100,120,1.1638924455825865,75,50.0,25,65,65,ground,61.378104993597944,1,0,450
28,29,Nidoran♀,47,52,0.4,55,0.0,40,40,41,poison,7.0,1,0,275
29,30,Nidorina,62,67,0.8,70,0.0,55,55,56,poison,20.0,1,0,365
30,31,Nidoqueen,92,87,1.3,90,0.0,75,85,76,poison,60.0,1,0,505
31,32,Nidoran♂,57,40,0.5,46,100.0,40,40,50,poison,9.0,1,0,273
32,33,Nidorino,72,57,0.9,61,100.0,55,55,65,poison,19.5,1,0,365
33,34,Nidoking,102,77,1.4,81,100.0,85,75,85,poison,62.0,1,0,505
34,35,Clefairy,45,48,0.6,70,24.6,60,65,35,fairy,7.5,1,0,323
35,36,Clefable,70,73,1.3,95,24.6,95,90,60,fairy,40.0,1,0,483
36,37,Vulpix,41,40,1.1638924455825865,38,24.6,50,65,65,fire,61.378104993597944,1,0,299
37,38,Ninetales,67,75,1.1638924455825865,73,24.6,81,100,109,fire,61.378104993597944,1,0,505
38,39,Jigglypuff,45,20,0.5,115,24.6,45,25,20,normal,5.5,1,0,270
39,40,Wigglytuff,70,45,1.0,140,24.6,85,50,45,normal,12.0,1,0,435
40,41,Zubat,45,35,0.8,40,50.0,30,40,55,poison,7.5,1,0,245
41,42,Golbat,80,70,1.6,75,50.0,65,75,90,poison,55.0,1,0,455
42,43,Oddish,50,55,0.5,45,50.0,75,65,30,grass,5.4,1,0,320
43,44,Gloom,65,70,0.8,60,50.0,85,75,40,grass,8.6,1,0,395
44,45,Vileplume,80,85,1.2,75,50.0,110,90,50,grass,18.6,1,0,490
45,46,Paras,70,55,0.3,35,50.0,45,55,25,bug,5.4,1,0,285
46,47,Parasect,95,80,1.0,60,50.0,60,80,30,bug,29.5,1,0,405
47,48,Venonat,55,50,1.0,60,50.0,40,55,45,bug,30.0,1,0,305
48,49,Venomoth,65,60,1.5,70,50.0,90,75,90,bug,12.5,1,0,450
49,50,Diglett,55,30,1.1638924455825865,10,50.0,35,45,90,ground,61.378104993597944,1,0,265
50,51,Dugtrio,100,60,1.1638924455825865,35,50.0,50,70,110,ground,61.378104993597944,1,0,425
51,52,Meowth,35,35,1.1638924455825865,40,50.0,50,40,90,normal,61.378104993597944,1,0,290
52,53,Persian,60,60,1.1638924455825865,65,50.0,75,65,115,normal,61.378104993597944,1,0,440
53,54,Psyduck,52,48,0.8,50,50.0,65,50,55,water,19.6,1,0,320
54,55,Golduck,82,78,1.7,80,50.0,95,80,85,water,76.6,1,0,500
55,56,Mankey,80,35,0.5,40,50.0,35,45,70,fighting,28.0,1,0,305
56,57,Primeape,105,60,1.0,65,50.0,60,70,95,fighting,32.0,1,0,455
57,58,Growlithe,70,45,0.7,55,75.4,70,50,60,fire,19.0,1,0,350
58,59,Arcanine,110,80,1.9,90,75.4,100,80,95,fire,155.0,1,0,555
59,60,Poliwag,50,40,0.6,40,50.0,40,40,90,water,12.4,1,0,300
60,61,Poliwhirl,65,65,1.0,65,50.0,50,50,90,water,20.0,1,0,385
61,62,Poliwrath,95,95,1.3,90,50.0,70,90,70,water,54.0,1,0,510
62,63,Abra,20,15,0.9,25,75.4,105,55,90,psychic,19.5,1,0,310
63,64,Kadabra,35,30,1.3,40,75.4,120,70,105,psychic,56.5,1,0,400
64,65,Alakazam,50,65,1.5,55,75.4,175,105,150,psychic,48.0,1,0,600
65,66,Machop,80,50,0.8,70,75.4,35,35,35,fighting,19.5,1,0,305
66,67,Machoke,100,70,1.5,80,75.4,50,60,45,fighting,70.5,1,0,405
67,68,Machamp,130,80,1.6,90,75.4,65,85,55,fighting,130.0,1,0,505
68,69,Bellsprout,75,35,0.7,50,50.0,70,30,40,grass,4.0,1,0,300
69,70,Weepinbell,90,50,1.0,65,50.0,85,45,55,grass,6.4,1,0,390
70,71,Victreebel,105,65,1.7,80,50.0,100,70,70,grass,15.5,1,0,490
71,72,Tentacool,40,35,0.9,40,50.0,50,100,70,water,45.5,1,0,335
72,73,Tentacruel,70,65,1.6,80,50.0,80,120,100,water,55.0,1,0,515
73,74,Geodude,80,100,1.1638924455825865,40,50.0,30,30,20,rock,61.378104993597944,1,0,300
74,75,Graveler,95,115,1.1638924455825865,55,50.0,45,45,35,rock,61.378104993597944,1,0,390
75,76,Golem,120,130,1.1638924455825865,80,50.0,55,65,45,rock,61.378104993597944,1,0,495
76,77,Ponyta,85,55,1.0,50,50.0,65,65,90,fire,30.0,1,0,410
77,78,Rapidash,100,70,1.7,65,50.0,80,80,105,fire,95.0,1,0,500
78,79,Slowpoke,65,65,1.2,90,50.0,40,40,15,water,36.0,1,0,315
79,80,Slowbro,75,180,1.6,95,50.0,130,80,30,water,78.5,1,0,590
80,81,Magnemite,35,70,0.3,25,-1.0,95,55,45,electric,6.0,1,0,325
81,82,Magneton,60,95,1.0,50,-1.0,120,70,70,electric,60.0,1,0,465
82,83,Farfetch'd,90,55,0.8,52,50.0,58,62,60,normal,15.0,1,0,377
83,84,Doduo,85,45,1.4,35,50.0,35,35,75,normal,39.2,1,0,310
84,85,Dodrio,110,70,1.8,60,50.0,60,60,110,normal,85.2,1,0,470
85,86,Seel,45,55,1.1,65,50.0,45,70,45,water,90.0,1,0,325
86,87,Dewgong,70,80,1.7,90,50.0,70,95,70,water,120.0,1,0,475
87,88,Grimer,80,50,1.1638924455825865,80,50.0,40,50,25,poison,61.378104993597944,1,0,325
88,89,Muk,105,75,1.1638924455825865,105,50.0,65,100,50,poison,61.378104993597944,1,0,500
89,90,Shellder,65,100,0.3,30,50.0,45,25,40,water,4.0,1,0,305
90,91,Cloyster,95,180,1.5,50,50.0,85,45,70,water,132.5,1,0,525
91,92,Gastly,35,30,1.3,30,50.0,100,35,80,ghost,0.1,1,0,310
92,93,Haunter,50,45,1.6,45,50.0,115,55,95,ghost,0.1,1,0,405
93,94,Gengar,65,80,1.5,60,50.0,170,95,130,ghost,40.5,1,0,600
94,95,Onix,45,160,8.8,35,50.0,30,45,70,rock,210.0,1,0,385
95,96,Drowzee,48,45,1.0,60,50.0,43,90,42,psychic,32.4,1,0,328
96,97,Hypno,73,70,1.6,85,50.0,73,115,67,psychic,75.6,1,0,483
97,98,Krabby,105,90,0.4,30,50.0,25,25,50,water,6.5,1,0,325
98,99,Kingler,130,115,1.3,55,50.0,50,50,75,water,60.0,1,0,475
99,100,Voltorb,30,50,0.5,40,-1.0,55,55,100,electric,10.4,1,0,330
100,101,Electrode,50,70,1.2,60,-1.0,80,80,150,electric,66.6,1,0,490
101,102,Exeggcute,40,80,0.4,60,50.0,60,45,40,grass,2.5,1,0,325
102,103,Exeggutor,105,85,1.1638924455825865,95,50.0,125,75,45,grass,61.378104993597944,1,0,530
103,104,Cubone,50,95,0.4,50,50.0,40,50,35,ground,6.5,1,0,320
104,105,Marowak,80,110,1.1638924455825865,60,50.0,50,80,45,ground,61.378104993597944,1,0,425
105,106,Hitmonlee,120,53,1.5,50,100.0,35,110,87,fighting,49.8,1,0,455
106,107,Hitmonchan,105,79,1.4,50,100.0,35,110,76,fighting,50.2,1,0,455
107,108,Lickitung,55,75,1.2,90,50.0,60,75,30,normal,65.5,1,0,385
108,109,Koffing,65,95,0.6,40,50.0,60,45,35,poison,1.0,1,0,340
109,110,Weezing,90,120,1.2,65,50.0,85,70,60,poison,9.5,1,0,490
110,111,Rhyhorn,85,95,1.0,80,50.0,30,30,25,ground,115.0,1,0,345
111,112,Rhydon,130,120,1.9,105,50.0,45,45,40,ground,120.0,1,0,485
112,113,Chansey,5,5,1.1,250,0.0,35,105,50,normal,34.6,1,0,450
113,114,Tangela,55,115,1.0,65,50.0,100,40,60,grass,35.0,1,0,435
114,115,Kangaskhan,125,100,2.2,105,0.0,60,100,100,normal,80.0,1,0,590
115,116,Horsea,40,70,0.4,30,50.0,70,25,60,water,8.0,1,0,295
116,117,Seadra,65,95,1.2,55,50.0,95,45,85,water,25.0,1,0,440
117,118,Goldeen,67,60,0.6,45,50.0,35,50,63,water,15.0,1,0,320
118,119,Seaking,92,65,1.3,80,50.0,65,80,68,water,39.0,1,0,450
119,120,Staryu,45,55,0.8,30,-1.0,70,55,85,water,34.5,1,0,340
120,121,Starmie,75,85,1.1,60,-1.0,100,85,115,water,80.0,1,0,520
121,122,Mr. Mime,45,65,1.3,40,50.0,100,120,90,psychic,54.5,1,0,460
122,123,Scyther,110,80,1.5,70,50.0,55,80,105,bug,56.0,1,0,500
123,124,Jynx,50,35,1.4,65,0.0,115,95,95,ice,40.6,1,0,455
124,125,Electabuzz,83,57,1.1,65,75.4,95,85,105,electric,30.0,1,0,490
125,126,Magmar,95,57,1.3,65,75.4,100,85,93,fire,44.5,1,0,495
126,127,Pinsir,155,120,1.5,65,50.0,65,90,105,bug,55.0,1,0,600
127,128,Tauros,100,95,1.4,75,100.0,40,70,110,normal,88.4,1,0,490
128,129,Magikarp,10,55,0.9,20,50.0,15,20,80,water,10.0,1,0,200
129,130,Gyarados,155,109,6.5,95,50.0,70,130,81,water,235.0,1,0,640
130,131,Lapras,85,80,2.5,130,50.0,85,95,60,water,220.0,1,0,535
131,132,Ditto,48,48,0.3,48,-1.0,48,48,48,normal,4.0,1,0,288
132,133,Eevee,55,50,0.3,55,88.1,45,65,55,normal,6.5,1,0,325
133,134,Vaporeon,65,60,1.0,130,88.1,110,95,65,water,29.0,1,0,525
134,135,Jolteon,65,60,0.8,65,88.1,110,95,130,electric,24.5,1,0,525
135,136,Flareon,130,60,0.9,65,88.1,95,110,65,fire,25.0,1,0,525
136,137,Porygon,60,70,0.8,65,-1.0,85,75,40,normal,36.5,1,0,395
137,138,Omanyte,40,100,0.4,35,88.1,90,55,35,rock,7.5,1,0,355
138,139,Omastar,60,125,1.0,70,88.1,115,70,55,rock,35.0,1,0,495
139,140,Kabuto,80,90,0.5,30,88.1,55,45,55,rock,11.5,1,0,355
140,141,Kabutops,115,105,1.3,60,88.1,65,70,80,rock,40.5,1,0,495
141,142,Aerodactyl,135,85,1.8,80,88.1,70,95,150,rock,59.0,1,0,615
142,143,Snorlax,110,65,2.1,160,88.1,65,110,30,normal,460.0,1,0,540
143,144,Articuno,85,100,1.7,90,-1.0,95,125,85,ice,55.4,1,1,580
144,145,Zapdos,90,85,1.6,90,-1.0,125,90,100,electric,52.6,1,1,580
145,146,Moltres,100,90,2.0,90,-1.0,125,85,90,fire,60.0,1,1,580
146,147,Dratini,64,45,1.8,41,50.0,50,50,50,dragon,3.3,1,0,300
147,148,Dragonair,84,65,4.0,61,50.0,70,70,70,dragon,16.5,1,0,420
148,149,Dragonite,134,95,2.2,91,50.0,100,100,80,dragon,210.0,1,0,600
149,150,Mewtwo,150,70,2.0,106,-1.0,194,120,140,psychic,122.0,1,1,780
150,151,Mew,100,100,0.4,100,-1.0,100,100,100,psychic,4.0,1,1,600
151,152,Chikorita,49,65,0.9,45,88.1,49,65,45,grass,6.4,2,0,318
152,153,Bayleef,62,80,1.2,60,88.1,63,80,60,grass,15.8,2,0,405
153,154,Meganium,82,100,1.8,80,88.1,83,100,80,grass,100.5,2,0,525
154,155,Cyndaquil,52,43,0.5,39,88.1,60,50,65,fire,7.9,2,0,309
155,156,Quilava,64,58,0.9,58,88.1,80,65,80,fire,19.0,2,0,405
156,157,Typhlosion,84,78,1.7,78,88.1,109,85,100,fire,79.5,2,0,534
157,158,Totodile,65,64,0.6,50,88.1,44,48,43,water,9.5,2,0,314
158,159,Croconaw,80,80,1.1,65,88.1,59,63,58,water,25.0,2,0,405
159,160,Feraligatr,105,100,2.3,85,88.1,79,83,78,water,88.8,2,0,530
160,161,Sentret,46,34,0.8,35,50.0,35,45,20,normal,6.0,2,0,215
161,162,Furret,76,64,1.8,85,50.0,45,55,90,normal,32.5,2,0,415
162,163,Hoothoot,30,30,0.7,60,50.0,36,56,50,normal,21.2,2,0,262
163,164,Noctowl,50,50,1.6,100,50.0,86,96,70,normal,40.8,2,0,452
164,165,Ledyba,20,30,1.0,40,50.0,40,80,55,bug,10.8,2,0,265
165,166,Ledian,35,50,1.4,55,50.0,55,110,85,bug,35.6,2,0,390
166,167,Spinarak,60,40,0.5,40,50.0,40,40,30,bug,8.5,2,0,250
167,168,Ariados,90,70,1.1,70,50.0,60,70,40,bug,33.5,2,0,400
168,169,Crobat,90,80,1.8,85,50.0,70,80,130,poison,75.0,2,0,535
169,170,Chinchou,38,38,0.5,75,50.0,56,56,67,water,12.0,2,0,330
170,171,Lanturn,58,58,1.2,125,50.0,76,76,67,water,22.5,2,0,460
171,172,Pichu,40,15,0.3,20,50.0,35,35,60,electric,2.0,2,0,205
172,173,Cleffa,25,28,0.3,50,24.6,45,55,15,fairy,3.0,2,0,218
173,174,Igglybuff,30,15,0.3,90,24.6,40,20,15,normal,1.0,2,0,210
174,175,Togepi,20,65,0.3,35,88.1,40,65,20,fairy,1.5,2,0,245
175,176,Togetic,40,85,0.6,55,88.1,80,105,40,fairy,3.2,2,0,405
176,177,Natu,50,45,0.2,40,50.0,70,45,70,psychic,2.0,2,0,320
177,178,Xatu,75,70,1.5,65,50.0,95,70,95,psychic,15.0,2,0,470
178,179,Mareep,40,40,0.6,55,50.0,65,45,35,electric,7.8,2,0,280
179,180,Flaaffy,55,55,0.8,70,50.0,80,60,45,electric,13.3,2,0,365
180,181,Ampharos,95,105,1.4,90,50.0,165,110,45,electric,61.5,2,0,610
181,182,Bellossom,80,95,0.4,75,50.0,90,100,50,grass,5.8,2,0,490
182,183,Marill,20,50,0.4,70,50.0,20,50,40,water,8.5,2,0,250
183,184,Azumarill,50,80,0.8,100,50.0,60,80,50,water,28.5,2,0,420
184,185,Sudowoodo,100,115,1.2,70,50.0,30,65,30,rock,38.0,2,0,410
185,186,Politoed,75,75,1.1,90,50.0,90,100,70,water,33.9,2,0,500
186,187,Hoppip,35,40,0.4,35,50.0,35,55,50,grass,0.5,2,0,250
187,188,Skiploom,45,50,0.6,55,50.0,45,65,80,grass,1.0,2,0,340
188,189,Jumpluff,55,70,0.8,75,50.0,55,95,110,grass,3.0,2,0,460
189,190,Aipom,70,55,0.8,55,50.0,40,55,85,normal,11.5,2,0,360
190,191,Sunkern,30,30,0.3,30,50.0,30,30,30,grass,1.8,2,0,180
191,192,Sunflora,75,55,0.8,75,50.0,105,85,30,grass,8.5,2,0,425
192,193,Yanma,65,45,1.2,65,50.0,75,45,95,bug,38.0,2,0,390
193,194,Wooper,45,45,0.4,55,50.0,25,25,15,water,8.5,2,0,210
194,195,Quagsire,85,85,1.4,95,50.0,65,65,35,water,75.0,2,0,430
195,196,Espeon,65,60,0.9,65,88.1,130,95,110,psychic,26.5,2,0,525
196,197,Umbreon,65,110,1.0,95,88.1,60,130,65,dark,27.0,2,0,525
197,198,Murkrow,85,42,0.5,60,50.0,85,42,91,dark,2.1,2,0,405
198,199,Slowking,75,80,2.0,95,50.0,100,110,30,water,79.5,2,0,490
199,200,Misdreavus,60,60,0.7,60,50.0,85,85,85,ghost,1.0,2,0,435
200,201,Unown,72,48,0.5,48,-1.0,72,48,48,psychic,5.0,2,0,336
201,202,Wobbuffet,33,58,1.3,190,50.0,33,58,33,psychic,28.5,2,0,405
202,203,Girafarig,80,65,1.5,70,50.0,90,65,85,normal,41.5,2,0,455
203,204,Pineco,65,90,0.6,50,50.0,35,35,15,bug,7.2,2,0,290
204,205,Forretress,90,140,1.2,75,50.0,60,60,40,bug,125.8,2,0,465
205,206,Dunsparce,70,70,1.5,100,50.0,65,65,45,normal,14.0,2,0,415
206,207,Gligar,75,105,1.1,65,50.0,35,65,85,ground,64.8,2,0,430
207,208,Steelix,125,230,9.2,75,50.0,55,95,30,steel,400.0,2,0,610
208,209,Snubbull,80,50,0.6,60,24.6,40,40,30,fairy,7.8,2,0,300
209,210,Granbull,120,75,1.4,90,24.6,60,60,45,fairy,48.7,2,0,450
210,211,Qwilfish,95,85,0.5,65,50.0,55,55,85,water,3.9,2,0,440
211,212,Scizor,150,140,1.8,70,50.0,65,100,75,bug,118.0,2,0,600
212,213,Shuckle,10,230,0.6,20,50.0,10,230,5,bug,20.5,2,0,505
213,214,Heracross,185,115,1.5,80,50.0,40,105,75,bug,54.0,2,0,600
214,215,Sneasel,95,55,0.9,55,50.0,35,75,115,dark,28.0,2,0,430
215,216,Teddiursa,80,50,0.6,60,50.0,50,50,40,normal,8.8,2,0,330
216,217,Ursaring,130,75,1.8,90,50.0,75,75,55,normal,125.8,2,0,500
217,218,Slugma,40,40,0.7,40,50.0,70,40,20,fire,35.0,2,0,250
218,219,Magcargo,50,120,0.8,60,50.0,90,80,30,fire,55.0,2,0,430
219,220,Swinub,50,40,0.4,50,50.0,30,30,50,ice,6.5,2,0,250
220,221,Piloswine,100,80,1.1,100,50.0,60,60,50,ice,55.8,2,0,450
221,222,Corsola,55,95,0.6,65,24.6,65,95,35,water,5.0,2,0,410
222,223,Remoraid,65,35,0.6,35,50.0,65,35,65,water,12.0,2,0,300
223,224,Octillery,105,75,0.9,75,50.0,105,75,45,water,28.5,2,0,480
224,225,Delibird,55,45,0.9,45,50.0,65,45,75,ice,16.0,2,0,330
225,226,Mantine,40,70,2.1,85,50.0,80,140,70,water,220.0,2,0,485
226,227,Skarmory,80,140,1.7,65,50.0,40,70,70,steel,50.5,2,0,465
227,228,Houndour,60,30,0.6,45,50.0,80,50,65,dark,10.8,2,0,330
228,229,Houndoom,90,90,1.4,75,50.0,140,90,115,dark,35.0,2,0,600
229,230,Kingdra,95,95,1.8,75,50.0,95,95,85,water,152.0,2,0,540
230,231,Phanpy,60,60,0.5,90,50.0,40,40,40,ground,33.5,2,0,330
231,232,Donphan,120,120,1.1,90,50.0,60,60,50,ground,120.0,2,0,500
232,233,Porygon2,80,90,0.6,85,-1.0,105,95,60,normal,32.5,2,0,515
233,234,Stantler,95,62,1.4,73,50.0,85,65,85,normal,71.2,2,0,465
234,235,Smeargle,20,35,1.2,55,50.0,20,45,75,normal,58.0,2,0,250
235,236,Tyrogue,35,35,0.7,35,100.0,35,35,35,fighting,21.0,2,0,210
236,237,Hitmontop,95,95,1.4,50,100.0,35,110,70,fighting,48.0,2,0,455
237,238,Smoochum,30,15,0.4,45,0.0,85,65,65,ice,6.0,2,0,305
238,239,Elekid,63,37,0.6,45,75.4,65,55,95,electric,23.5,2,0,360
239,240,Magby,75,37,0.7,45,75.4,70,55,83,fire,21.4,2,0,365
240,241,Miltank,80,105,1.2,95,0.0,40,70,100,normal,75.5,2,0,490
241,242,Blissey,10,10,1.5,255,0.0,75,135,55,normal,46.8,2,0,540
242,243,Raikou,85,75,1.9,90,-1.0,115,100,115,electric,178.0,2,1,580
243,244,Entei,115,85,2.1,115,-1.0,90,75,100,fire,198.0,2,1,580
244,245,Suicune,75,115,2.0,100,-1.0,90,115,85,water,187.0,2,1,580
245,246,Larvitar,64,50,0.6,50,50.0,45,50,41,rock,72.0,2,0,300
246,247,Pupitar,84,70,1.2,70,50.0,65,70,51,rock,152.0,2,0,410
247,248,Tyranitar,164,150,2.0,100,50.0,95,120,71,rock,202.0,2,0,700
248,249,Lugia,90,130,5.2,106,-1.0,90,154,110,psychic,216.0,2,1,680
249,250,Ho-Oh,130,90,3.8,106,-1.0,110,154,90,fire,199.0,2,1,680
250,251,Celebi,100,100,0.6,100,-1.0,100,100,100,psychic,5.0,2,1,600
251,252,Treecko,45,35,0.5,40,88.1,65,55,70,grass,5.0,3,0,310
252,253,Grovyle,65,45,0.9,50,88.1,85,65,95,grass,21.6,3,0,405
253,254,Sceptile,110,75,1.7,70,88.1,145,85,145,grass,52.2,3,0,630
254,255,Torchic,60,40,0.4,45,88.1,70,50,45,fire,2.5,3,0,310
255,256,Combusken,85,60,0.9,60,88.1,85,60,55,fire,19.5,3,0,405
256,257,Blaziken,160,80,1.9,80,88.1,130,80,100,fire,52.0,3,0,630
257,258,Mudkip,70,50,0.4,50,88.1,50,50,40,water,7.6,3,0,310
258,259,Marshtomp,85,70,0.7,70,88.1,60,70,50,water,28.0,3,0,405
259,260,Swampert,150,110,1.5,100,88.1,95,110,70,water,81.9,3,0,635
260,261,Poochyena,55,35,0.5,35,50.0,30,30,35,dark,13.6,3,0,220
261,262,Mightyena,90,70,1.0,70,50.0,60,60,70,dark,37.0,3,0,420
262,263,Zigzagoon,30,41,0.4,38,50.0,30,41,60,normal,17.5,3,0,240
263,264,Linoone,70,61,0.5,78,50.0,50,61,100,normal,32.5,3,0,420
264,265,Wurmple,45,35,0.3,45,50.0,20,30,20,bug,3.6,3,0,195
265,266,Silcoon,35,55,0.6,50,50.0,25,25,15,bug,10.0,3,0,205
266,267,Beautifly,70,50,1.0,60,50.0,100,50,65,bug,28.4,3,0,395
267,268,Cascoon,35,55,0.7,50,50.0,25,25,15,bug,11.5,3,0,205
268,269,Dustox,50,70,1.2,60,50.0,50,90,65,bug,31.6,3,0,385
269,270,Lotad,30,30,0.5,40,50.0,40,50,30,water,2.6,3,0,220
270,271,Lombre,50,50,1.2,60,50.0,60,70,50,water,32.5,3,0,340
271,272,Ludicolo,70,70,1.5,80,50.0,90,100,70,water,55.0,3,0,480
272,273,Seedot,40,50,0.5,40,50.0,30,30,30,grass,4.0,3,0,220
273,274,Nuzleaf,70,40,1.0,70,50.0,60,40,60,grass,28.0,3,0,340
274,275,Shiftry,100,60,1.3,90,50.0,90,60,80,grass,59.6,3,0,480
275,276,Taillow,55,30,0.3,40,50.0,30,30,85,normal,2.3,3,0,270
276,277,Swellow,85,60,0.7,60,50.0,75,50,125,normal,19.8,3,0,455
277,278,Wingull,30,30,0.6,40,50.0,55,30,85,water,9.5,3,0,270
278,279,Pelipper,50,100,1.2,60,50.0,95,70,65,water,28.0,3,0,440
279,280,Ralts,25,25,0.4,28,50.0,45,35,40,psychic,6.6,3,0,198
280,281,Kirlia,35,35,0.8,38,50.0,65,55,50,psychic,20.2,3,0,278
281,282,Gardevoir,85,65,1.6,68,50.0,165,135,100,psychic,48.4,3,0,618
282,283,Surskit,30,32,0.5,40,50.0,50,52,65,bug,1.7,3,0,269
283,284,Masquerain,60,62,0.8,70,50.0,100,82,80,bug,3.6,3,0,454
284,285,Shroomish,40,60,0.4,60,50.0,40,60,35,grass,4.5,3,0,295
285,286,Breloom,130,80,1.2,60,50.0,60,60,70,grass,39.2,3,0,460
286,287,Slakoth,60,60,0.8,60,50.0,35,35,30,normal,24.0,3,0,280
287,288,Vigoroth,80,80,1.4,80,50.0,55,55,90,normal,46.5,3,0,440
288,289,Slaking,160,100,2.0,150,50.0,95,65,100,normal,130.5,3,0,670
289,290,Nincada,45,90,0.5,31,50.0,30,30,40,bug,5.5,3,0,266
290,291,Ninjask,90,45,0.8,61,50.0,50,50,160,bug,12.0,3,0,456
291,292,Shedinja,90,45,0.8,1,-1.0,30,30,40,bug,1.2,3,0,236
292,293,Whismur,51,23,0.6,64,50.0,51,23,28,normal,16.3,3,0,240
293,294,Loudred,71,43,1.0,84,50.0,71,43,48,normal,40.5,3,0,360
294,295,Exploud,91,63,1.5,104,50.0,91,73,68,normal,84.0,3,0,490
295,296,Makuhita,60,30,1.0,72,75.4,20,30,25,fighting,86.4,3,0,237
296,297,Hariyama,120,60,2.3,144,75.4,40,60,50,fighting,253.8,3,0,474
297,298,Azurill,20,40,0.2,50,24.6,20,40,20,normal,2.0,3,0,190
298,299,Nosepass,45,135,1.0,30,50.0,45,90,30,rock,97.0,3,0,375
299,300,Skitty,45,45,0.6,50,24.6,35,35,50,normal,11.0,3,0,260
300,301,Delcatty,65,65,1.1,70,24.6,55,55,90,normal,32.6,3,0,400
301,302,Sableye,85,125,0.5,50,50.0,85,115,20,dark,11.0,3,0,480
302,303,Mawile,105,125,0.6,50,50.0,55,95,50,steel,11.5,3,0,480
303,304,Aron,70,100,0.4,50,50.0,40,40,30,steel,60.0,3,0,330
304,305,Lairon,90,140,0.9,60,50.0,50,50,40,steel,120.0,3,0,430
305,306,Aggron,140,230,2.1,70,50.0,60,80,50,steel,360.0,3,0,630
306,307,Meditite,40,55,0.6,30,50.0,40,55,60,fighting,11.2,3,0,280
307,308,Medicham,100,85,1.3,60,50.0,80,85,100,fighting,31.5,3,0,510
308,309,Electrike,45,40,0.6,40,50.0,65,40,65,electric,15.2,3,0,295
309,310,Manectric,75,80,1.5,70,50.0,135,80,135,electric,40.2,3,0,575
310,311,Plusle,50,40,0.4,60,50.0,85,75,95,electric,4.2,3,0,405
311,312,Minun,40,50,0.4,60,50.0,75,85,95,electric,4.2,3,0,405
312,313,Volbeat,73,75,0.7,65,100.0,47,85,85,bug,17.7,3,0,430
313,314,Illumise,47,75,0.6,65,0.0,73,85,85,bug,17.7,3,0,430
314,315,Roselia,60,45,0.3,50,50.0,100,80,65,grass,2.0,3,0,400
315,316,Gulpin,43,53,0.4,70,50.0,43,53,40,poison,10.3,3,0,302
316,317,Swalot,73,83,1.7,100,50.0,73,83,55,poison,80.0,3,0,467
317,318,Carvanha,90,20,0.8,45,50.0,65,20,65,water,20.8,3,0,305
318,319,Sharpedo,140,70,1.8,70,50.0,110,65,105,water,88.8,3,0,560
319,320,Wailmer,70,35,2.0,130,50.0,70,35,60,water,130.0,3,0,400
320,321,Wailord,90,45,14.5,170,50.0,90,45,60,water,398.0,3,0,500
321,322,Numel,60,40,0.7,60,50.0,65,45,35,fire,24.0,3,0,305
322,323,Camerupt,120,100,1.9,70,50.0,145,105,20,fire,220.0,3,0,560
323,324,Torkoal,85,140,0.5,70,50.0,85,70,20,fire,80.4,3,0,470
324,325,Spoink,25,35,0.7,60,50.0,70,80,60,psychic,30.6,3,0,330
325,326,Grumpig,45,65,0.9,80,50.0,90,110,80,psychic,71.5,3,0,470
326,327,Spinda,60,60,1.1,60,50.0,60,60,60,normal,5.0,3,0,360
327,328,Trapinch,100,45,0.7,45,50.0,45,45,10,ground,15.0,3,0,290
328,329,Vibrava,70,50,1.1,50,50.0,50,50,70,ground,15.3,3,0,340
329,330,Flygon,100,80,2.0,80,50.0,80,80,100,ground,82.0,3,0,520
330,331,Cacnea,85,40,0.4,50,50.0,85,40,35,grass,51.3,3,0,335
331,332,Cacturne,115,60,1.3,70,50.0,115,60,55,grass,77.4,3,0,475
332,333,Swablu,40,60,0.4,45,50.0,40,75,50,normal,1.2,3,0,310
333,334,Altaria,110,110,1.1,75,50.0,110,105,80,dragon,20.6,3,0,590
334,335,Zangoose,115,60,1.3,73,50.0,60,60,90,normal,40.3,3,0,458
335,336,Seviper,100,60,2.7,73,50.0,100,60,65,poison,52.5,3,0,458
336,337,Lunatone,55,65,1.0,90,-1.0,95,85,70,rock,168.0,3,0,460
337,338,Solrock,95,85,1.2,90,-1.0,55,65,70,rock,154.0,3,0,460
338,339,Barboach,48,43,0.4,50,50.0,46,41,60,water,1.9,3,0,288
339,340,Whiscash,78,73,0.9,110,50.0,76,71,60,water,23.6,3,0,468
340,341,Corphish,80,65,0.6,43,50.0,50,35,35,water,11.5,3,0,308
341,342,Crawdaunt,120,85,1.1,63,50.0,90,55,55,water,32.8,3,0,468
342,343,Baltoy,40,55,0.5,40,-1.0,40,70,55,ground,21.5,3,0,300
343,344,Claydol,70,105,1.5,60,-1.0,70,120,75,ground,108.0,3,0,500
344,345,Lileep,41,77,1.0,66,88.1,61,87,23,rock,23.8,3,0,355
345,346,Cradily,81,97,1.5,86,88.1,81,107,43,rock,60.4,3,0,495
346,347,Anorith,95,50,0.7,45,88.1,40,50,75,rock,12.5,3,0,355
347,348,Armaldo,125,100,1.5,75,88.1,70,80,45,rock,68.2,3,0,495
348,349,Feebas,15,20,0.6,20,50.0,10,55,80,water,7.4,3,0,200
349,350,Milotic,60,79,6.2,95,50.0,100,125,81,water,162.0,3,0,540
350,351,Castform,70,70,0.3,70,50.0,70,70,70,normal,0.8,3,0,420
351,352,Kecleon,90,70,1.0,60,50.0,60,120,40,normal,22.0,3,0,440
352,353,Shuppet,75,35,0.6,44,50.0,63,33,45,ghost,2.3,3,0,295
353,354,Banette,165,75,1.1,64,50.0,93,83,75,ghost,12.5,3,0,555
354,355,Duskull,40,90,0.8,20,50.0,30,90,25,ghost,15.0,3,0,295
355,356,Dusclops,70,130,1.6,40,50.0,60,130,25,ghost,30.6,3,0,455
356,357,Tropius,68,83,2.0,99,50.0,72,87,51,grass,100.0,3,0,460
357,358,Chimecho,50,80,0.6,75,50.0,95,90,65,psychic,1.0,3,0,455
358,359,Absol,150,60,1.2,65,50.0,115,60,115,dark,47.0,3,0,565
359,360,Wynaut,23,48,0.6,95,50.0,23,48,23,psychic,14.0,3,0,260
360,361,Snorunt,50,50,0.7,50,50.0,50,50,50,ice,16.8,3,0,300
361,362,Glalie,120,80,1.5,80,50.0,120,80,100,ice,256.5,3,0,580
362,363,Spheal,40,50,0.8,70,50.0,55,50,25,ice,39.5,3,0,290
363,364,Sealeo,60,70,1.1,90,50.0,75,70,45,ice,87.6,3,0,410
364,365,Walrein,80,90,1.4,110,50.0,95,90,65,ice,150.6,3,0,530
365,366,Clamperl,64,85,0.4,35,50.0,74,55,32,water,52.5,3,0,345
366,367,Huntail,104,105,1.7,55,50.0,94,75,52,water,27.0,3,0,485
367,368,Gorebyss,84,105,1.8,55,50.0,114,75,52,water,22.6,3,0,485
368,369,Relicanth,90,130,1.0,100,88.1,45,65,55,water,23.4,3,0,485
369,370,Luvdisc,30,55,0.6,43,24.6,40,65,97,water,8.7,3,0,330
370,371,Bagon,75,60,0.6,45,50.0,40,30,50,dragon,42.1,3,0,300
371,372,Shelgon,95,100,1.1,65,50.0,60,50,50,dragon,110.5,3,0,420
372,373,Salamence,145,130,1.5,95,50.0,120,90,120,dragon,102.6,3,0,700
373,374,Beldum,55,80,0.6,40,-1.0,35,60,30,steel,95.2,3,0,300
374,375,Metang,75,100,1.2,60,-1.0,55,80,50,steel,202.5,3,0,420
375,376,Metagross,145,150,1.6,80,-1.0,105,110,110,steel,550.0,3,0,700
376,377,Regirock,100,200,1.7,80,-1.0,50,100,50,rock,230.0,3,1,580
377,378,Regice,50,100,1.8,80,-1.0,100,200,50,ice,175.0,3,1,580
378,379,Registeel,75,150,1.9,80,-1.0,75,150,50,steel,205.0,3,1,580
379,380,Latias,100,120,1.4,80,0.0,140,150,110,dragon,40.0,3,1,700
380,381,Latios,130,100,2.0,80,100.0,160,120,110,dragon,60.0,3,1,700
381,382,Kyogre,150,90,4.5,100,-1.0,180,160,90,water,352.0,3,1,770
382,383,Groudon,180,160,3.5,100,-1.0,150,90,90,ground,950.0,3,1,770
383,384,Rayquaza,180,100,7.0,105,-1.0,180,100,115,dragon,206.5,3,1,780
384,385,Jirachi,100,100,0.3,100,-1.0,100,100,100,steel,1.1,3,1,600
385,386,Deoxys,95,90,1.7,50,-1.0,95,90,180,psychic,60.8,3,1,600
386,387,Turtwig,68,64,0.4,55,88.1,45,55,31,grass,10.2,4,0,318
387,388,Grotle,89,85,1.1,75,88.1,55,65,36,grass,97.0,4,0,405
388,389,Torterra,109,105,2.2,95,88.1,75,85,56,grass,310.0,4,0,525
389,390,Chimchar,58,44,0.5,44,88.1,58,44,61,fire,6.2,4,0,309
390,391,Monferno,78,52,0.9,64,88.1,78,52,81,fire,22.0,4,0,405
391,392,Infernape,104,71,1.2,76,88.1,104,71,108,fire,55.0,4,0,534
392,393,Piplup,51,53,0.4,53,88.1,61,56,40,water,5.2,4,0,314
393,394,Prinplup,66,68,0.8,64,88.1,81,76,50,water,23.0,4,0,405
394,395,Empoleon,86,88,1.7,84,88.1,111,101,60,water,84.5,4,0,530
395,396,Starly,55,30,0.3,40,50.0,30,30,60,normal,2.0,4,0,245
396,397,Staravia,75,50,0.6,55,50.0,40,40,80,normal,15.5,4,0,340
397,398,Staraptor,120,70,1.2,85,50.0,50,60,100,normal,24.9,4,0,485
398,399,Bidoof,45,40,0.5,59,50.0,35,40,31,normal,20.0,4,0,250
399,400,Bibarel,85,60,1.0,79,50.0,55,60,71,normal,31.5,4,0,410
400,401,Kricketot,25,41,0.3,37,50.0,25,41,25,bug,2.2,4,0,194
401,402,Kricketune,85,51,1.0,77,50.0,55,51,65,bug,25.5,4,0,384
402,403,Shinx,65,34,0.5,45,50.0,40,34,45,electric,9.5,4,0,263
403,404,Luxio,85,49,0.9,60,50.0,60,49,60,electric,30.5,4,0,363
404,405,Luxray,120,79,1.4,80,50.0,95,79,70,electric,42.0,4,0,523
405,406,Budew,30,35,0.2,40,50.0,50,70,55,grass,1.2,4,0,280
406,407,Roserade,70,65,0.9,60,50.0,125,105,90,grass,14.5,4,0,515
407,408,Cranidos,125,40,0.9,67,88.1,30,30,58,rock,31.5,4,0,350
408,409,Rampardos,165,60,1.6,97,88.1,65,50,58,rock,102.5,4,0,495
409,410,Shieldon,42,118,0.5,30,88.1,42,88,30,rock,57.0,4,0,350
410,411,Bastiodon,52,168,1.3,60,88.1,47,138,30,rock,149.5,4,0,495
411,412,Burmy,29,45,0.2,40,50.0,29,45,36,bug,3.4,4,0,224
412,413,Wormadam,69,95,0.5,60,0.0,69,95,36,bug,6.5,4,0,424
413,414,Mothim,94,50,0.9,70,100.0,94,50,66,bug,23.3,4,0,424
414,415,Combee,30,42,0.3,30,88.1,30,42,70,bug,5.5,4,0,244
415,416,Vespiquen,80,102,1.2,70,0.0,80,102,40,bug,38.5,4,0,474
416,417,Pachirisu,45,70,0.4,60,50.0,45,90,95,electric,3.9,4,0,405
417,418,Buizel,65,35,0.7,55,50.0,60,30,85,water,29.5,4,0,330
418,419,Floatzel,105,55,1.1,85,50.0,85,50,115,water,33.5,4,0,495
419,420,Cherubi,35,45,0.4,45,50.0,62,53,35,grass,3.3,4,0,275
420,421,Cherrim,60,70,0.5,70,50.0,87,78,85,grass,9.3,4,0,450
421,422,Shellos,48,48,0.3,76,50.0,57,62,34,water,6.3,4,0,325
422,423,Gastrodon,83,68,0.9,111,50.0,92,82,39,water,29.9,4,0,475
423,424,Ambipom,100,66,1.2,75,50.0,60,66,115,normal,20.3,4,0,482
424,425,Drifloon,50,34,0.4,90,50.0,60,44,70,ghost,1.2,4,0,348
425,426,Drifblim,80,44,1.2,150,50.0,90,54,80,ghost,15.0,4,0,498
426,427,Buneary,66,44,0.4,55,50.0,44,56,85,normal,5.5,4,0,350
427,428,Lopunny,136,94,1.2,65,50.0,54,96,135,normal,33.3,4,0,580
428,429,Mismagius,60,60,0.9,60,50.0,105,105,105,ghost,4.4,4,0,495
429,430,Honchkrow,125,52,0.9,100,50.0,105,52,71,dark,27.3,4,0,505
430,431,Glameow,55,42,0.5,49,24.6,42,37,85,normal,3.9,4,0,310
431,432,Purugly,82,64,1.0,71,24.6,64,59,112,normal,43.8,4,0,452
432,433,Chingling,30,50,0.2,45,50.0,65,50,45,psychic,0.6,4,0,285
433,434,Stunky,63,47,0.4,63,50.0,41,41,74,poison,19.2,4,0,329
434,435,Skuntank,93,67,1.0,103,50.0,71,61,84,poison,38.0,4,0,479
435,436,Bronzor,24,86,0.5,57,-1.0,24,86,23,steel,60.5,4,0,300
436,437,Bronzong,89,116,1.3,67,-1.0,79,116,33,steel,187.0,4,0,500
437,438,Bonsly,80,95,0.5,50,50.0,10,45,10,rock,15.0,4,0,290
438,439,Mime Jr.,25,45,0.6,20,50.0,70,90,60,psychic,13.0,4,0,310
439,440,Happiny,5,5,0.6,100,0.0,15,65,30,normal,24.4,4,0,220
440,441,Chatot,65,45,0.5,76,50.0,92,42,91,normal,1.9,4,0,411
441,442,Spiritomb,92,108,1.0,50,50.0,92,108,35,ghost,108.0,4,0,485
442,443,Gible,70,45,0.7,58,50.0,40,45,42,dragon,20.5,4,0,300
443,444,Gabite,90,65,1.4,68,50.0,50,55,82,dragon,56.0,4,0,410
444,445,Garchomp,170,115,1.9,108,50.0,120,95,92,dragon,95.0,4,0,700
445,446,Munchlax,85,40,0.6,135,88.1,40,85,5,normal,105.0,4,0,390
446,447,Riolu,70,40,0.7,40,88.1,35,40,60,fighting,20.2,4,0,285
447,448,Lucario,145,88,1.2,70,88.1,140,70,112,fighting,54.0,4,0,625
448,449,Hippopotas,72,78,0.8,68,50.0,38,42,32,ground,49.5,4,0,330
449,450,Hippowdon,112,118,2.0,108,50.0,68,72,47,ground,300.0,4,0,525
450,451,Skorupi,50,90,0.8,40,50.0,30,55,65,poison,12.0,4,0,330
451,452,Drapion,90,110,1.3,70,50.0,60,75,95,poison,61.5,4,0,500
452,453,Croagunk,61,40,0.7,48,50.0,61,40,50,poison,23.0,4,0,300
453,454,Toxicroak,106,65,1.3,83,50.0,86,65,85,poison,44.4,4,0,490
454,455,Carnivine,100,72,1.4,74,50.0,90,72,46,grass,27.0,4,0,454
455,456,Finneon,49,56,0.4,49,50.0,49,61,66,water,7.0,4,0,330
456,457,Lumineon,69,76,1.2,69,50.0,69,86,91,water,24.0,4,0,460
457,458,Mantyke,20,50,1.0,45,50.0,60,120,50,water,65.0,4,0,345
458,459,Snover,62,50,1.0,60,50.0,62,60,40,grass,50.5,4,0,334
459,460,Abomasnow,132,105,2.2,90,50.0,132,105,30,grass,135.5,4,0,594
460,461,Weavile,120,65,1.1,70,50.0,45,85,125,dark,34.0,4,0,510
461,462,Magnezone,70,115,1.2,70,-1.0,130,90,60,electric,180.0,4,0,535
462,463,Lickilicky,85,95,1.7,110,50.0,80,95,50,normal,140.0,4,0,515
463,464,Rhyperior,140,130,2.4,115,50.0,55,55,40,ground,282.8,4,0,535
464,465,Tangrowth,100,125,2.0,100,50.0,110,50,50,grass,128.6,4,0,535
465,466,Electivire,123,67,1.8,75,75.4,95,85,95,electric,138.6,4,0,540
466,467,Magmortar,95,67,1.6,75,75.4,125,95,83,fire,68.0,4,0,540
467,468,Togekiss,50,95,1.5,85,88.1,120,115,80,fairy,38.0,4,0,545
468,469,Yanmega,76,86,1.9,86,50.0,116,56,95,bug,51.5,4,0,515
469,470,Leafeon,110,130,1.0,65,88.1,60,65,95,grass,25.5,4,0,525
470,471,Glaceon,60,110,0.8,65,88.1,130,95,65,ice,25.9,4,0,525
471,472,Gliscor,95,125,2.0,75,50.0,45,75,95,ground,42.5,4,0,510
472,473,Mamoswine,130,80,2.5,110,50.0,70,60,80,ice,291.0,4,0,530
473,474,Porygon-Z,80,70,0.9,85,-1.0,135,75,90,normal,34.0,4,0,535
474,475,Gallade,165,95,1.6,68,100.0,65,115,110,psychic,52.0,4,0,618
475,476,Probopass,55,145,1.4,60,50.0,75,150,40,rock,340.0,4,0,525
476,477,Dusknoir,100,135,2.2,45,50.0,65,135,45,ghost,106.6,4,0,525
477,478,Froslass,80,70,1.3,70,0.0,80,70,110,ice,26.6,4,0,480
478,479,Rotom,65,107,0.3,50,-1.0,105,107,86,electric,0.3,4,0,520
479,480,Uxie,75,130,0.3,75,-1.0,75,130,95,psychic,0.3,4,1,580
480,481,Mesprit,105,105,0.3,80,-1.0,105,105,80,psychic,0.3,4,1,580
481,482,Azelf,125,70,0.3,75,-1.0,125,70,115,psychic,0.3,4,1,580
482,483,Dialga,120,120,5.4,100,-1.0,150,100,90,steel,683.0,4,1,680
483,484,Palkia,120,100,4.2,90,-1.0,150,120,100,water,336.0,4,1,680
484,485,Heatran,90,106,1.7,91,50.0,130,106,77,fire,430.0,4,1,600
485,486,Regigigas,160,110,3.7,110,-1.0,80,110,100,normal,420.0,4,1,670
486,487,Giratina,120,100,4.5,150,-1.0,120,100,90,ghost,750.0,4,1,680
487,488,Cresselia,70,120,1.5,120,0.0,75,130,85,psychic,85.6,4,1,600
488,489,Phione,80,80,0.4,80,-1.0,80,80,80,water,3.1,4,0,480
489,490,Manaphy,100,100,0.3,100,-1.0,100,100,100,water,1.4,4,1,600
490,491,Darkrai,90,90,1.5,70,-1.0,135,90,125,dark,50.5,4,1,600
491,492,Shaymin,103,75,0.2,100,-1.0,120,75,127,grass,2.1,4,1,600
492,493,Arceus,120,120,3.2,120,-1.0,120,120,120,normal,320.0,4,1,720
493,494,Victini,100,100,0.4,100,-1.0,100,100,100,psychic,4.0,5,1,600
494,495,Snivy,45,55,0.6,45,88.1,45,55,63,grass,8.1,5,0,308
495,496,Servine,60,75,0.8,60,88.1,60,75,83,grass,16.0,5,0,413
496,497,Serperior,75,95,3.3,75,88.1,75,95,113,grass,63.0,5,0,528
497,498,Tepig,63,45,0.5,65,88.1,45,45,45,fire,9.9,5,0,308
498,499,Pignite,93,55,1.0,90,88.1,70,55,55,fire,55.5,5,0,418
499,500,Emboar,123,65,1.6,110,88.1,100,65,65,fire,150.0,5,0,528
500,501,Oshawott,55,45,0.5,55,88.1,63,45,45,water,5.9,5,0,308
501,502,Dewott,75,60,0.8,75,88.1,83,60,60,water,24.5,5,0,413
502,503,Samurott,100,85,1.5,95,88.1,108,70,70,water,94.6,5,0,528
503,504,Patrat,55,39,0.5,45,50.0,35,39,42,normal,11.6,5,0,255
504,505,Watchog,85,69,1.1,60,50.0,60,69,77,normal,27.0,5,0,420
505,506,Lillipup,60,45,0.4,45,50.0,25,45,55,normal,4.1,5,0,275
506,507,Herdier,80,65,0.9,65,50.0,35,65,60,normal,14.7,5,0,370
507,508,Stoutland,110,90,1.2,85,50.0,45,90,80,normal,61.0,5,0,500
508,509,Purrloin,50,37,0.4,41,50.0,50,37,66,dark,10.1,5,0,281
509,510,Liepard,88,50,1.1,64,50.0,88,50,106,dark,37.5,5,0,446
510,511,Pansage,53,48,0.6,50,88.1,53,48,64,grass,10.5,5,0,316
511,512,Simisage,98,63,1.1,75,88.1,98,63,101,grass,30.5,5,0,498
512,513,Pansear,53,48,0.6,50,88.1,53,48,64,fire,11.0,5,0,316
513,514,Simisear,98,63,1.0,75,88.1,98,63,101,fire,28.0,5,0,498
514,515,Panpour,53,48,0.6,50,88.1,53,48,64,water,13.5,5,0,316
515,516,Simipour,98,63,1.0,75,88.1,98,63,101,water,29.0,5,0,498
516,517,Munna,25,45,0.6,76,50.0,67,55,24,psychic,23.3,5,0,292
517,518,Musharna,55,85,1.1,116,50.0,107,95,29,psychic,60.5,5,0,487
518,519,Pidove,55,50,0.3,50,50.0,36,30,43,normal,2.1,5,0,264
519,520,Tranquill,77,62,0.6,62,50.0,50,42,65,normal,15.0,5,0,358
520,521,Unfezant,115,80,1.2,80,50.0,65,55,93,normal,29.0,5,0,488
521,522,Blitzle,60,32,0.8,45,50.0,50,32,76,electric,29.8,5,0,295
522,523,Zebstrika,100,63,1.6,75,50.0,80,63,116,electric,79.5,5,0,497
523,524,Roggenrola,75,85,0.4,55,50.0,25,25,15,rock,18.0,5,0,280
524,525,Boldore,105,105,0.9,70,50.0,50,40,20,rock,102.0,5,0,390
525,526,Gigalith,135,130,1.7,85,50.0,60,80,25,rock,260.0,5,0,515
526,527,Woobat,45,43,0.4,65,50.0,55,43,72,psychic,2.1,5,0,323
527,528,Swoobat,57,55,0.9,67,50.0,77,55,114,psychic,10.5,5,0,425
528,529,Drilbur,85,40,0.3,60,50.0,30,45,68,ground,8.5,5,0,328
529,530,Excadrill,135,60,0.7,110,50.0,50,65,88,ground,40.4,5,0,508
530,531,Audino,60,126,1.1,103,50.0,80,126,50,normal,31.0,5,0,545
531,532,Timburr,80,55,0.6,75,75.4,25,35,35,fighting,12.5,5,0,305
532,533,Gurdurr,105,85,1.2,85,75.4,40,50,40,fighting,40.0,5,0,405
533,534,Conkeldurr,140,95,1.4,105,75.4,55,65,45,fighting,87.0,5,0,505
534,535,Tympole,50,40,0.5,50,50.0,50,40,64,water,4.5,5,0,294
535,536,Palpitoad,65,55,0.8,75,50.0,65,55,69,water,17.0,5,0,384
536,537,Seismitoad,95,75,1.5,105,50.0,85,75,74,water,62.0,5,0,509
537,538,Throh,100,85,1.3,120,100.0,30,85,45,fighting,55.5,5,0,465
538,539,Sawk,125,75,1.4,75,100.0,30,75,85,fighting,51.0,5,0,465
539,540,Sewaddle,53,70,0.3,45,50.0,40,60,42,bug,2.5,5,0,310
540,541,Swadloon,63,90,0.5,55,50.0,50,80,42,bug,7.3,5,0,380
541,542,Leavanny,103,80,1.2,75,50.0,70,80,92,bug,20.5,5,0,500
542,543,Venipede,45,59,0.4,30,50.0,30,39,57,bug,5.3,5,0,260
543,544,Whirlipede,55,99,1.2,40,50.0,40,79,47,bug,58.5,5,0,360
544,545,Scolipede,100,89,2.5,60,50.0,55,69,112,bug,200.5,5,0,485
545,546,Cottonee,27,60,0.3,40,50.0,37,50,66,grass,0.6,5,0,280
546,547,Whimsicott,67,85,0.7,60,50.0,77,75,116,grass,6.6,5,0,480
547,548,Petilil,35,50,0.5,45,0.0,70,50,30,grass,6.6,5,0,280
548,549,Lilligant,60,75,1.1,70,0.0,110,75,90,grass,16.3,5,0,480
549,550,Basculin,92,65,1.0,70,50.0,80,55,98,water,18.0,5,0,460
550,551,Sandile,72,35,0.7,50,50.0,35,35,65,ground,15.2,5,0,292
551,552,Krokorok,82,45,1.0,60,50.0,45,45,74,ground,33.4,5,0,351
552,553,Krookodile,117,80,1.5,95,50.0,65,70,92,ground,96.3,5,0,519
553,554,Darumaka,90,45,0.6,70,50.0,15,45,50,fire,37.5,5,0,315
554,555,Darmanitan,30,105,1.3,105,50.0,140,105,55,fire,92.9,5,0,540
555,556,Maractus,86,67,1.0,75,50.0,106,67,60,grass,28.0,5,0,461
556,557,Dwebble,65,85,0.3,50,50.0,35,35,55,bug,14.5,5,0,325
557,558,Crustle,105,125,1.4,70,50.0,65,75,45,bug,200.0,5,0,485
558,559,Scraggy,75,70,0.6,50,50.0,35,70,48,dark,11.8,5,0,348
559,560,Scrafty,90,115,1.1,65,50.0,45,115,58,dark,30.0,5,0,488
560,561,Sigilyph,58,80,1.4,72,50.0,103,80,97,psychic,14.0,5,0,490
561,562,Yamask,30,85,0.5,38,50.0,55,65,30,ghost,1.5,5,0,303
562,563,Cofagrigus,50,145,1.7,58,50.0,95,105,30,ghost,76.5,5,0,483
563,564,Tirtouga,78,103,0.7,54,88.1,53,45,22,water,16.5,5,0,355
564,565,Carracosta,108,133,1.2,74,88.1,83,65,32,water,81.0,5,0,495
565,566,Archen,112,45,0.5,55,88.1,74,45,70,rock,9.5,5,0,401
566,567,Archeops,140,65,1.4,75,88.1,112,65,110,rock,32.0,5,0,567
567,568,Trubbish,50,62,0.6,50,50.0,40,62,65,poison,31.0,5,0,329
568,569,Garbodor,95,82,1.9,80,50.0,60,82,75,poison,107.3,5,0,474
569,570,Zorua,65,40,0.7,40,88.1,80,40,65,dark,12.5,5,0,330
570,571,Zoroark,105,60,1.6,60,88.1,120,60,105,dark,81.1,5,0,510
571,572,Minccino,50,40,0.4,55,24.6,40,40,75,normal,5.8,5,0,300
572,573,Cinccino,95,60,0.5,75,24.6,65,60,115,normal,7.5,5,0,470
573,574,Gothita,30,50,0.4,45,24.6,55,65,45,psychic,5.8,5,0,290
574,575,Gothorita,45,70,0.7,60,24.6,75,85,55,psychic,18.0,5,0,390
575,576,Gothitelle,55,95,1.5,70,24.6,95,110,65,psychic,44.0,5,0,490
576,577,Solosis,30,40,0.3,45,50.0,105,50,20,psychic,1.0,5,0,290
577,578,Duosion,40,50,0.6,65,50.0,125,60,30,psychic,8.0,5,0,370
578,579,Reuniclus,65,75,1.0,110,50.0,125,85,30,psychic,20.1,5,0,490
579,580,Ducklett,44,50,0.5,62,50.0,44,50,55,water,5.5,5,0,305
580,581,Swanna,87,63,1.3,75,50.0,87,63,98,water,24.2,5,0,473
581,582,Vanillite,50,50,0.4,36,50.0,65,60,44,ice,5.7,5,0,305
582,583,Vanillish,65,65,1.1,51,50.0,80,75,59,ice,41.0,5,0,395
583,584,Vanilluxe,95,85,1.3,71,50.0,110,95,79,ice,57.5,5,0,535
584,585,Deerling,60,50,0.6,60,50.0,40,50,75,normal,19.5,5,0,335
585,586,Sawsbuck,100,70,1.9,80,50.0,60,70,95,normal,92.5,5,0,475
586,587,Emolga,75,60,0.4,55,50.0,75,60,103,electric,5.0,5,0,428
587,588,Karrablast,75,45,0.5,50,50.0,40,45,60,bug,5.9,5,0,315
588,589,Escavalier,135,105,1.0,70,50.0,60,105,20,bug,33.0,5,0,495
589,590,Foongus,55,45,0.2,69,50.0,55,55,15,grass,1.0,5,0,294
590,591,Amoonguss,85,70,0.6,114,50.0,85,80,30,grass,10.5,5,0,464
591,592,Frillish,40,50,1.2,55,50.0,65,85,40,water,33.0,5,0,335
592,593,Jellicent,60,70,2.2,100,50.0,85,105,60,water,135.0,5,0,480
593,594,Alomomola,75,80,1.2,165,50.0,40,45,65,water,31.6,5,0,470
594,595,Joltik,47,50,0.1,50,50.0,57,50,65,bug,0.6,5,0,319
595,596,Galvantula,77,60,0.8,70,50.0,97,60,108,bug,14.3,5,0,472
596,597,Ferroseed,50,91,0.6,44,50.0,24,86,10,grass,18.8,5,0,305
597,598,Ferrothorn,94,131,1.0,74,50.0,54,116,20,grass,110.0,5,0,489
598,599,Klink,55,70,0.3,40,-1.0,45,60,30,steel,21.0,5,0,300
599,600,Klang,80,95,0.6,60,-1.0,70,85,50,steel,51.0,5,0,440
600,601,Klinklang,100,115,0.6,60,-1.0,70,85,90,steel,81.0,5,0,520
601,602,Tynamo,55,40,0.2,35,50.0,45,40,60,electric,0.3,5,0,275
602,603,Eelektrik,85,70,1.2,65,50.0,75,70,40,electric,22.0,5,0,405
603,604,Eelektross,115,80,2.1,85,50.0,105,80,50,electric,80.5,5,0,515
604,605,Elgyem,55,55,0.5,55,50.0,85,55,30,psychic,9.0,5,0,335
605,606,Beheeyem,75,75,1.0,75,50.0,125,95,40,psychic,34.5,5,0,485
606,607,Litwick,30,55,0.3,50,50.0,65,55,20,ghost,3.1,5,0,275
607,608,Lampent,40,60,0.6,60,50.0,95,60,55,ghost,13.0,5,0,370
608,609,Chandelure,55,90,1.0,60,50.0,145,90,80,ghost,34.3,5,0,520
609,610,Axew,87,60,0.6,46,50.0,30,40,57,dragon,18.0,5,0,320
610,611,Fraxure,117,70,1.0,66,50.0,40,50,67,dragon,36.0,5,0,410
611,612,Haxorus,147,90,1.8,76,50.0,60,70,97,dragon,105.5,5,0,540
612,613,Cubchoo,70,40,0.5,55,50.0,60,40,40,ice,8.5,5,0,305
613,614,Beartic,130,80,2.6,95,50.0,70,80,50,ice,260.0,5,0,505
614,615,Cryogonal,50,50,1.1,80,-1.0,95,135,105,ice,148.0,5,0,515
615,616,Shelmet,40,85,0.4,50,50.0,40,65,25,bug,7.7,5,0,305
616,617,Accelgor,70,40,0.8,80,50.0,100,60,145,bug,25.3,5,0,495
617,618,Stunfisk,66,84,0.7,109,50.0,81,99,32,ground,11.0,5,0,471
618,619,Mienfoo,85,50,0.9,45,50.0,55,50,65,fighting,20.0,5,0,350
619,620,Mienshao,125,60,1.4,65,50.0,95,60,105,fighting,35.5,5,0,510
620,621,Druddigon,120,90,1.6,77,50.0,60,90,48,dragon,139.0,5,0,485
621,622,Golett,74,50,1.0,59,-1.0,35,50,35,ground,92.0,5,0,303
622,623,Golurk,124,80,2.8,89,-1.0,55,80,55,ground,330.0,5,0,483
623,624,Pawniard,85,70,0.5,45,50.0,40,40,60,dark,10.2,5,0,340
624,625,Bisharp,125,100,1.6,65,50.0,60,70,70,dark,70.0,5,0,490
625,626,Bouffalant,110,95,1.6,95,50.0,40,95,55,normal,94.6,5,0,490
626,627,Rufflet,83,50,0.5,70,100.0,37,50,60,normal,10.5,5,0,350
627,628,Braviary,123,75,1.5,100,100.0,57,75,80,normal,41.0,5,0,510
628,629,Vullaby,55,75,0.5,70,0.0,45,65,60,dark,9.0,5,0,370
629,630,Mandibuzz,65,105,1.2,110,0.0,55,95,80,dark,39.5,5,0,510
630,631,Heatmor,97,66,1.4,85,50.0,105,66,65,fire,58.0,5,0,484
631,632,Durant,109,112,0.3,58,50.0,48,48,109,bug,33.0,5,0,484
632,633,Deino,65,50,0.8,52,50.0,45,50,38,dark,17.3,5,0,300
633,634,Zweilous,85,70,1.4,72,50.0,65,70,58,dark,50.0,5,0,420
634,635,Hydreigon,105,90,1.8,92,50.0,125,90,98,dark,160.0,5,0,600
635,636,Larvesta,85,55,1.1,55,50.0,50,55,60,bug,28.8,5,0,360
636,637,Volcarona,60,65,1.6,85,50.0,135,105,100,bug,46.0,5,0,550
637,638,Cobalion,90,129,2.1,91,-1.0,90,72,108,steel,250.0,5,1,580
638,639,Terrakion,129,90,1.9,91,-1.0,72,90,108,rock,260.0,5,1,580
639,640,Virizion,90,72,2.0,91,-1.0,90,129,108,grass,200.0,5,1,580
640,641,Tornadus,100,80,1.5,79,100.0,110,90,121,flying,63.0,5,1,580
641,642,Thundurus,105,70,1.5,79,100.0,145,80,101,electric,61.0,5,1,580
642,643,Reshiram,120,100,3.2,100,-1.0,150,120,90,dragon,330.0,5,1,680
643,644,Zekrom,150,120,2.9,100,-1.0,120,100,90,dragon,345.0,5,1,680
644,645,Landorus,145,90,1.5,89,100.0,105,80,91,ground,68.0,5,1,600
645,646,Kyurem,120,90,3.0,125,-1.0,170,100,95,dragon,325.0,5,1,700
646,647,Keldeo,72,90,1.4,91,-1.0,129,90,108,water,48.5,5,1,580
647,648,Meloetta,128,90,0.6,100,-1.0,77,77,128,normal,6.5,5,1,600
648,649,Genesect,120,95,1.5,71,-1.0,120,95,99,bug,82.5,5,1,600
649,650,Chespin,61,65,0.4,56,88.1,48,45,38,grass,9.0,6,0,313
650,651,Quilladin,78,95,0.7,61,88.1,56,58,57,grass,29.0,6,0,405
651,652,Chesnaught,107,122,1.6,88,88.1,74,75,64,grass,90.0,6,0,530
652,653,Fennekin,45,40,0.4,40,88.1,62,60,60,fire,9.4,6,0,307
653,654,Braixen,59,58,1.0,59,88.1,90,70,73,fire,14.5,6,0,409
654,655,Delphox,69,72,1.5,75,88.1,114,100,104,fire,39.0,6,0,534
655,656,Froakie,56,40,0.3,41,88.1,62,44,71,water,7.0,6,0,314
656,657,Frogadier,63,52,0.6,54,88.1,83,56,97,water,10.9,6,0,405
657,658,Greninja,145,67,1.5,72,88.1,153,71,132,water,40.0,6,0,640
658,659,Bunnelby,36,38,0.4,38,50.0,32,36,57,normal,5.0,6,0,237
659,660,Diggersby,56,77,1.0,85,50.0,50,77,78,normal,42.4,6,0,423
660,661,Fletchling,50,43,0.3,45,50.0,40,38,62,normal,1.7,6,0,278
661,662,Fletchinder,73,55,0.7,62,50.0,56,52,84,fire,16.0,6,0,382
662,663,Talonflame,81,71,1.2,78,50.0,74,69,126,fire,24.5,6,0,499
663,664,Scatterbug,35,40,0.3,38,50.0,27,25,35,bug,2.5,6,0,200
664,665,Spewpa,22,60,0.3,45,50.0,27,30,29,bug,8.4,6,0,213
665,666,Vivillon,52,50,1.2,80,50.0,90,50,89,bug,17.0,6,0,411
666,667,Litleo,50,58,0.6,62,11.2,73,54,72,fire,13.5,6,0,369
667,668,Pyroar,68,72,1.5,86,11.2,109,66,106,fire,81.5,6,0,507
668,669,Flabébé,38,39,0.1,44,0.0,61,79,42,fairy,0.1,6,0,303
669,670,Floette,65,67,0.2,74,0.0,125,128,92,fairy,0.9,6,0,551
670,671,Florges,65,68,1.1,78,0.0,112,154,75,fairy,10.0,6,0,552
671,672,Skiddo,65,48,0.9,66,50.0,62,57,52,grass,31.0,6,0,350
672,673,Gogoat,100,62,1.7,123,50.0,97,81,68,grass,91.0,6,0,531
673,674,Pancham,82,62,0.6,67,50.0,46,48,43,fighting,8.0,6,0,348
674,675,Pangoro,124,78,2.1,95,50.0,69,71,58,fighting,136.0,6,0,495
675,676,Furfrou,80,60,1.2,75,50.0,65,90,102,normal,28.0,6,0,472
676,677,Espurr,48,54,0.3,62,50.0,63,60,68,psychic,3.5,6,0,355
677,678,Meowstic,48,76,0.6,74,50.0,83,81,104,psychic,8.5,6,0,466
678,679,Honedge,80,100,0.8,45,50.0,35,37,28,steel,2.0,6,0,325
679,680,Doublade,110,150,0.8,59,50.0,45,49,35,steel,4.5,6,0,448
680,681,Aegislash,150,50,1.7,60,50.0,150,50,60,steel,53.0,6,0,520
681,682,Spritzee,52,60,0.2,78,50.0,63,65,23,fairy,0.5,6,0,341
682,683,Aromatisse,72,72,0.8,101,50.0,99,89,29,fairy,15.5,6,0,462
683,684,Swirlix,48,66,0.4,62,50.0,59,57,49,fairy,3.5,6,0,341
684,685,Slurpuff,80,86,0.8,82,50.0,85,75,72,fairy,5.0,6,0,480
685,686,Inkay,54,53,0.4,53,50.0,37,46,45,dark,3.5,6,0,288
686,687,Malamar,92,88,1.5,86,50.0,68,75,73,dark,47.0,6,0,482
687,688,Binacle,52,67,0.5,42,50.0,39,56,50,rock,31.0,6,0,306
688,689,Barbaracle,105,115,1.3,72,50.0,54,86,68,rock,96.0,6,0,500
689,690,Skrelp,60,60,0.5,50,50.0,60,60,30,poison,7.3,6,0,320
690,691,Dragalge,75,90,1.8,65,50.0,97,123,44,poison,81.5,6,0,494
691,692,Clauncher,53,62,0.5,50,50.0,58,63,44,water,8.3,6,0,330
692,693,Clawitzer,73,88,1.3,71,50.0,120,89,59,water,35.3,6,0,500
693,694,Helioptile,38,33,0.5,44,50.0,61,43,70,electric,6.0,6,0,289
694,695,Heliolisk,55,52,1.0,62,50.0,109,94,109,electric,21.0,6,0,481
695,696,Tyrunt,89,77,0.8,58,88.1,45,45,48,rock,26.0,6,0,362
696,697,Tyrantrum,121,119,2.5,82,88.1,69,59,71,rock,270.0,6,0,521
697,698,Amaura,59,50,1.3,77,88.1,67,63,46,rock,25.2,6,0,362
698,699,Aurorus,77,72,2.7,123,88.1,99,92,58,rock,225.0,6,0,521
699,700,Sylveon,65,65,1.0,95,88.1,110,130,60,fairy,23.5,6,0,525
700,701,Hawlucha,92,75,0.8,78,50.0,74,63,118,fighting,21.5,6,0,500
701,702,Dedenne,58,57,0.2,67,50.0,81,67,101,electric,2.2,6,0,431
702,703,Carbink,50,150,0.3,50,-1.0,50,150,50,rock,5.7,6,0,500
703,704,Goomy,50,35,0.3,45,50.0,55,75,40,dragon,2.8,6,0,300
704,705,Sliggoo,75,53,0.8,68,50.0,83,113,60,dragon,17.5,6,0,452
705,706,Goodra,100,70,2.0,90,50.0,110,150,80,dragon,150.5,6,0,600
706,707,Klefki,80,91,0.2,57,50.0,80,87,75,steel,3.0,6,0,470
707,708,Phantump,70,48,0.4,43,50.0,50,60,38,ghost,7.0,6,0,309
708,709,Trevenant,110,76,1.5,85,50.0,65,82,56,ghost,71.0,6,0,474
709,710,Pumpkaboo,66,70,0.8,59,50.0,44,55,41,ghost,15.0,6,0,335
710,711,Gourgeist,100,122,1.7,85,50.0,58,75,54,ghost,39.0,6,0,494
711,712,Bergmite,69,85,1.0,55,50.0,32,35,28,ice,99.5,6,0,304
712,713,Avalugg,117,184,2.0,95,50.0,44,46,28,ice,505.0,6,0,514
713,714,Noibat,30,35,0.5,40,50.0,45,40,55,flying,8.0,6,0,245
714,715,Noivern,70,80,1.5,85,50.0,97,80,123,flying,85.0,6,0,535
715,716,Xerneas,131,95,3.0,126,-1.0,131,98,99,fairy,215.0,6,1,680
716,717,Yveltal,131,95,5.8,126,-1.0,131,98,99,dark,203.0,6,1,680
717,718,Zygarde,100,121,5.0,216,-1.0,91,95,85,dragon,284.6,6,1,708
718,719,Diancie,160,110,0.7,50,-1.0,160,110,110,rock,8.8,6,1,700
719,720,Hoopa,160,60,1.1638924455825865,80,-1.0,170,130,80,psychic,61.378104993597944,6,1,680
720,721,Volcanion,110,120,1.7,80,-1.0,130,90,70,fire,195.0,6,1,600
721,722,Rowlet,55,55,0.3,68,88.1,50,50,42,grass,1.5,7,0,320
722,723,Dartrix,75,75,0.7,78,88.1,70,70,52,grass,16.0,7,0,420
723,724,Decidueye,107,75,1.6,78,88.1,100,100,70,grass,36.6,7,0,530
724,725,Litten,65,40,0.4,45,88.1,60,40,70,fire,4.3,7,0,320
725,726,Torracat,85,50,0.7,65,88.1,80,50,90,fire,25.0,7,0,420
726,727,Incineroar,115,90,1.8,95,88.1,80,90,60,fire,83.0,7,0,530
727,728,Popplio,54,54,0.4,50,88.1,66,56,40,water,7.5,7,0,320
728,729,Brionne,69,69,0.6,60,88.1,91,81,50,water,17.5,7,0,420
729,730,Primarina,74,74,1.8,80,88.1,126,116,60,water,44.0,7,0,530
730,731,Pikipek,75,30,0.3,35,50.0,30,30,65,normal,1.2,7,0,265
731,732,Trumbeak,85,50,0.6,55,50.0,40,50,75,normal,14.8,7,0,355
732,733,Toucannon,120,75,1.1,80,50.0,75,75,60,normal,26.0,7,0,485
733,734,Yungoos,70,30,0.4,48,50.0,30,30,45,normal,6.0,7,0,253
734,735,Gumshoos,110,60,0.7,88,50.0,55,60,45,normal,14.2,7,0,418
735,736,Grubbin,62,45,0.4,47,50.0,55,45,46,bug,4.4,7,0,300
736,737,Charjabug,82,95,0.5,57,50.0,55,75,36,bug,10.5,7,0,400
737,738,Vikavolt,70,90,1.5,77,50.0,145,75,43,bug,45.0,7,0,500
738,739,Crabrawler,82,57,0.6,47,50.0,42,47,63,fighting,7.0,7,0,338
739,740,Crabominable,132,77,1.7,97,50.0,62,67,43,fighting,180.0,7,0,478
740,741,Oricorio,70,70,0.6,75,24.6,98,70,93,fire,3.4,7,0,476
741,742,Cutiefly,45,40,0.1,40,50.0,55,40,84,bug,0.2,7,0,304
742,743,Ribombee,55,60,0.2,60,50.0,95,70,124,bug,0.5,7,0,464
743,744,Rockruff,65,40,0.5,45,50.0,30,40,60,rock,9.2,7,0,280
744,745,Lycanroc,115,75,1.1638924455825865,85,50.0,55,75,82,rock,61.378104993597944,7,0,487
745,746,Wishiwashi,140,130,0.2,45,50.0,140,135,30,water,0.3,7,0,620
746,747,Mareanie,53,62,0.4,50,50.0,43,52,45,poison,8.0,7,0,305
747,748,Toxapex,63,152,0.7,50,50.0,53,142,35,poison,14.5,7,0,495
748,749,Mudbray,100,70,1.0,70,50.0,45,55,45,ground,110.0,7,0,385
749,750,Mudsdale,125,100,2.5,100,50.0,55,85,35,ground,920.0,7,0,500
750,751,Dewpider,40,52,0.3,38,50.0,40,72,27,water,4.0,7,0,269
751,752,Araquanid,70,92,1.8,68,50.0,50,132,42,water,82.0,7,0,454
752,753,Fomantis,55,35,0.3,40,50.0,50,35,35,grass,1.5,7,0,250
753,754,Lurantis,105,90,0.9,70,50.0,80,90,45,grass,18.5,7,0,480
754,755,Morelull,35,55,0.2,40,50.0,65,75,15,grass,1.5,7,0,285
755,756,Shiinotic,45,80,1.0,60,50.0,90,100,30,grass,11.5,7,0,405
756,757,Salandit,44,40,0.6,48,88.1,71,40,77,poison,4.8,7,0,320
757,758,Salazzle,64,60,1.2,68,0.0,111,60,117,poison,22.2,7,0,480
758,759,Stufful,75,50,0.5,70,50.0,45,50,50,normal,6.8,7,0,340
759,760,Bewear,125,80,2.1,120,50.0,55,60,60,normal,135.0,7,0,500
760,761,Bounsweet,30,38,0.3,42,0.0,30,38,32,grass,3.2,7,0,210
761,762,Steenee,40,48,0.7,52,0.0,40,48,62,grass,8.2,7,0,290
762,763,Tsareena,120,98,1.2,72,0.0,50,98,72,grass,21.4,7,0,510
763,764,Comfey,52,90,0.1,51,24.6,82,110,100,fairy,0.3,7,0,485
764,765,Oranguru,60,80,1.5,90,50.0,90,110,60,normal,76.0,7,0,490
765,766,Passimian,120,90,2.0,100,50.0,40,60,80,fighting,82.8,7,0,490
766,767,Wimpod,35,40,0.5,25,50.0,20,30,80,bug,12.0,7,0,230
767,768,Golisopod,125,140,2.0,75,50.0,60,90,40,bug,108.0,7,0,530
768,769,Sandygast,55,80,0.5,55,50.0,70,45,15,ghost,70.0,7,0,320
769,770,Palossand,75,110,1.3,85,50.0,100,75,35,ghost,250.0,7,0,480
770,771,Pyukumuku,60,130,0.3,55,50.0,30,130,5,water,1.2,7,0,410
771,772,Type: Null,95,95,1.9,95,-1.0,95,95,59,normal,120.5,7,0,534
772,773,Silvally,95,95,2.3,95,-1.0,95,95,95,normal,100.5,7,0,570
773,774,Minior,100,60,0.3,60,-1.0,100,60,120,rock,40.0,7,0,500
774,775,Komala,115,65,0.4,65,50.0,75,95,65,normal,19.9,7,0,480
775,776,Turtonator,78,135,2.0,60,50.0,91,85,36,fire,212.0,7,0,485
776,777,Togedemaru,98,63,0.3,65,50.0,40,73,96,electric,3.3,7,0,435
777,778,Mimikyu,90,80,0.2,55,50.0,50,105,96,ghost,0.7,7,0,476
778,779,Bruxish,105,70,0.9,68,50.0,70,70,92,water,19.0,7,0,475
779,780,Drampa,60,85,3.0,78,50.0,135,91,36,normal,185.0,7,0,485
780,781,Dhelmise,131,100,3.9,70,-1.0,86,90,40,ghost,210.0,7,0,517
781,782,Jangmo-o,55,65,0.6,45,50.0,45,45,45,dragon,29.7,7,0,300
782,783,Hakamo-o,75,90,1.2,55,50.0,65,70,65,dragon,47.0,7,0,420
783,784,Kommo-o,110,125,1.6,75,50.0,100,105,85,dragon,78.2,7,0,600
784,785,Tapu Koko,115,85,1.8,70,-1.0,95,75,130,electric,20.5,7,1,570
785,786,Tapu Lele,85,75,1.2,70,-1.0,130,115,95,psychic,18.6,7,1,570
786,787,Tapu Bulu,130,115,1.9,70,-1.0,85,95,75,grass,45.5,7,1,570
787,788,Tapu Fini,75,115,1.3,70,-1.0,95,130,85,water,21.2,7,1,570
788,789,Cosmog,29,31,0.2,43,-1.0,29,31,37,psychic,0.1,7,1,200
789,790,Cosmoem,29,131,0.1,43,-1.0,29,131,37,psychic,999.9,7,1,400
790,791,Solgaleo,137,107,3.4,137,-1.0,113,89,97,psychic,230.0,7,1,680
791,792,Lunala,113,89,4.0,137,-1.0,137,107,97,psychic,120.0,7,1,680
792,793,Nihilego,53,47,1.2,109,-1.0,127,131,103,rock,55.5,7,1,570
793,794,Buzzwole,139,139,2.4,107,-1.0,53,53,79,bug,333.6,7,1,570
794,795,Pheromosa,137,37,1.8,71,-1.0,137,37,151,bug,25.0,7,1,570
795,796,Xurkitree,89,71,3.8,83,-1.0,173,71,83,electric,100.0,7,1,570
796,797,Celesteela,101,103,9.2,97,-1.0,107,101,61,steel,999.9,7,1,570
797,798,Kartana,181,131,0.3,59,-1.0,59,31,109,grass,0.1,7,1,570
798,799,Guzzlord,101,53,5.5,223,-1.0,97,53,43,dark,888.0,7,1,570
799,800,Necrozma,107,101,2.4,97,-1.0,127,89,79,psychic,230.0,7,1,600
800,801,Magearna,95,115,1.0,80,-1.0,130,115,65,steel,80.5,7,1,600
